"City","inventory_sales_ratio","price_ratio","pct_sold_below_list","competative_rank"
Salinas,0.51,1.47,33.95,1
Santa Maria,0.39,1.19,31.39,2
Jurupa Valley,0.52,1.3,28.50,3
Manhattan Beach,0.43,1.72,40.91,4
Whittier,0.49,1.16,27.47,5
Lakewood,0.27,1.08,28.00,6
Fountain Valley,0.41,1.09,32.33,7
Livermore,0.40,1.13,35.90,8
Moreno Valley,0.46,1.07,27.99,9
Perris,0.61,1.18,27.31,10
Norwalk,0.35,1.01,22.78,11
Wildomar,0.58,1.15,29.50,12
San Bernardino,0.50,1.06,27.07,13
San Leandro,0.38,0.97,18.52,14
Carson,0.52,1.06,25.78,15
Yorba Linda,0.50,1.34,44.32,15
Rialto,0.47,1.0,19.69,17
Riverside,0.58,1.17,34.15,18
Castro Valley,0.33,0.97,26.09,19
Santee,0.41,1.02,30.41,20
Menifee,0.52,1.14,37.57,21
San Clemente,0.41,1.43,53.52,22
San Luis Obispo,0.50,1.3,46.30,23
Hesperia,0.63,1.13,29.52,24
Castaic,0.68,1.24,32.18,24
Poway,0.48,1.29,47.16,26
Downey,0.55,1.06,27.27,27
Murrieta,0.63,1.35,39.78,27
Fontana,0.58,1.07,27.84,29
Palo Alto,0.52,1.04,27.78,30
Santa Paula,0.71,1.97,40.00,31
Monrovia,0.55,1.14,37.89,32
Ventura,0.52,1.36,47.71,33
Alameda,0.32,0.86,15.15,34
Buena Park,0.44,1.13,44.22,34
San Juan Capistrano,0.53,1.56,49.22,34
Antioch,0.58,1.04,23.96,37
Yucaipa,0.50,1.04,33.33,37
Chico,0.54,1.14,39.42,39
Berkeley,0.28,0.62,10.07,40
La Puente,0.65,1.07,24.30,41
Redlands,0.59,1.22,40.82,42
Orange,0.46,1.08,41.36,43
Colton,0.65,1.09,29.35,44
Fullerton,0.44,1.06,39.67,45
Rancho Cucamonga,0.59,1.2,39.86,45
Highland,0.46,1.02,34.64,47
Vallejo,0.72,1.12,26.23,48
Northridge,0.57,1.11,37.50,48
Moorpark,0.56,1.47,49.19,50
Redwood City,0.47,0.91,23.84,51
Compton,0.51,1.01,29.76,52
Lafayette,0.40,0.96,33.82,53
Phelan,0.71,1.13,29.70,54
La Mesa,0.58,1.07,34.07,54
Spring Valley,0.48,0.96,28.65,56
Oakley,0.58,1.1,37.76,56
Pittsburg,0.72,1.14,30.65,58
Oakland,0.46,0.72,19.40,59
La Verne,0.63,1.46,47.56,59
Richmond,0.49,0.89,21.68,61
Sunnyvale,0.48,0.89,24.21,62
Ramona,0.79,1.25,34.59,63
Lake Elsinore,0.72,1.15,33.94,64
Chula Vista,0.48,0.97,33.66,65
Escondido,0.56,1.17,43.93,65
Garden Grove,0.47,0.99,35.29,67
Winchester,0.65,1.02,24.21,68
Pasadena,0.66,1.11,35.47,68
Santa Cruz,0.69,1.21,39.26,70
Atascadero,0.44,1.08,47.54,70
Montebello,0.62,1.22,44.68,72
Huntington Beach,0.54,1.24,49.22,73
Vista,0.55,1.11,43.53,74
Dana Point,0.62,1.73,55.09,74
Gilroy,0.79,1.28,39.13,76
Fallbrook,0.69,1.27,43.14,77
Concord,0.45,0.87,32.81,78
Temecula,0.79,1.36,42.04,78
Hemet,0.74,1.12,34.39,80
Burbank,0.52,1.03,39.04,81
Seal Beach,0.47,1.18,56.77,81
San Francisco,0.54,0.87,22.44,83
Victorville,0.83,1.08,26.06,84
La Habra,0.51,1.0,36.96,84
Camarillo,0.51,1.07,44.86,86
San Dimas,0.75,1.38,45.24,87
Laguna Niguel,0.59,1.33,52.71,87
Hayward,0.65,0.99,25.19,89
West Hills,0.62,1.09,40.94,89
Hollister,0.79,1.1,33.57,91
Lancaster,0.76,1.07,29.87,92
San Mateo,0.48,0.81,30.41,92
Claremont,0.52,1.01,38.10,92
Torrance,0.41,0.9,37.41,95
Oxnard,0.66,1.22,45.55,95
North Hills,0.59,1.02,35.23,97
Brentwood,0.53,1.2,53.73,97
Placentia,0.47,0.88,34.35,99
Palmdale,0.83,1.08,29.59,100
Paradise,0.83,1.18,37.88,100
Apple Valley,0.79,1.11,35.48,102
Martinez,0.45,0.91,38.16,103
Oceanside,0.43,0.99,43.30,103
Encinitas,0.55,1.17,52.20,103
Danville,0.52,1.16,55.02,106
West Covina,0.63,1.03,36.22,107
Pomona,0.71,1.09,39.04,108
Cypress,0.45,0.92,40.31,109
Mountain View,0.62,0.89,25.00,110
Corona Del Mar,0.61,1.46,67.62,110
Lakeside,0.63,1.02,36.67,112
Merced,0.60,1.15,48.81,112
Carlsbad,0.38,1.04,50.93,112
Newark,0.53,0.96,37.50,115
Gardena,0.59,0.96,33.87,116
Anaheim,0.64,1.01,34.20,117
Glendora,0.67,1.1,42.11,117
Paso Robles,0.78,1.49,50.21,119
Bakersfield,0.76,1.17,42.40,120
Valley Center,0.66,1.25,49.52,120
Westlake Village,0.63,1.41,64.25,122
Reseda,0.65,1.07,41.59,123
Saratoga,0.85,1.07,31.15,124
Mission Viejo,0.38,1.0,48.18,125
San Jacinto,0.68,0.96,27.72,126
Granada Hills,0.47,1.06,52.20,126
Ojai,0.84,1.74,49.44,128
Saugus,0.58,1.02,41.24,129
Simi Valley,0.62,1.07,44.31,130
Arroyo Grande,0.72,1.34,52.13,131
Thousand Oaks,0.68,1.32,54.61,132
Beaumont,0.64,1.02,38.20,133
El Cajon,0.55,0.96,38.70,133
Fresno,0.68,1.14,46.58,133
Tracy,0.78,1.05,34.00,136
Corona,0.69,1.12,45.67,137
Chino,0.53,1.05,48.64,138
Arcadia,1.02,1.46,46.86,139
San Marcos,0.50,1.01,47.99,139
Temple City,0.75,1.09,42.47,141
Winnetka,0.69,0.92,29.13,142
Ladera Ranch,0.50,0.94,43.81,143
Newbury Park,0.45,1.01,51.53,143
Adelanto,0.93,1.02,27.17,145
Morgan Hill,1.00,1.18,40.35,146
Rancho Palos Verdes,0.80,1.71,58.82,147
Tujunga,0.85,1.08,38.98,148
Eastvale,0.51,1.03,50.82,149
Monterey,0.77,1.4,59.52,150
Barstow,1.03,1.09,36.36,151
Pacoima,0.89,1.11,41.07,151
Costa Mesa,0.47,0.99,51.29,153
Long Beach,0.69,1.04,42.13,154
Tustin,0.61,1.03,46.63,154
Los Angeles,1.20,1.62,48.93,154
Fremont,0.54,0.79,39.52,157
Covina,0.81,1.04,37.93,158
Upland,0.67,1.0,40.00,158
Sacramento,0.85,0.97,28.57,160
Glendale,0.67,0.92,35.74,161
Rancho Santa Margarita,0.51,0.92,46.11,161
La Jolla,0.82,1.93,71.36,161
Tarzana,0.97,1.66,56.14,164
Banning,0.74,1.05,42.44,165
Rosamond,0.93,0.94,23.19,166
Port Hueneme,0.67,1.02,43.30,166
Studio City,0.94,1.42,54.79,168
Laguna Hills,0.55,0.75,40.40,169
Hacienda Heights,0.71,1.07,47.58,170
Santa Ana,0.68,0.97,39.58,171
Oroville,0.99,1.11,41.36,171
Chino Hills,0.75,1.18,55.45,171
Chatsworth,0.85,1.38,58.54,174
Alpine,1.08,0.98,22.64,175
Sylmar,0.84,0.99,33.83,175
Ontario,0.82,1.06,41.30,175
Woodland Hills,0.82,1.21,52.58,178
Walnut Creek,0.50,0.78,44.91,179
San Pedro,0.66,1.03,46.41,180
Magalia,1.04,1.14,43.28,181
Redondo Beach,0.51,0.93,48.36,182
Desert Hot Springs,1.07,1.29,48.60,182
Culver City,0.74,0.89,33.88,184
Stockton,0.94,1.07,40.51,185
Imperial Beach,1.51,1.22,44.26,185
Azusa,0.83,1.06,42.22,187
Diamond Bar,0.91,1.32,55.56,187
San Gabriel,0.81,0.91,29.90,189
Running Springs,1.74,1.22,43.86,189
Rowland Heights,0.88,1.3,57.97,191
California City,1.00,1.08,41.38,192
Canoga Park,0.79,1.05,43.94,192
Cambria,1.04,1.46,58.00,194
Santa Clara,0.83,0.86,29.13,195
Porter Ranch,0.88,1.25,56.20,195
Hawthorne,0.56,0.92,47.37,197
Canyon Lake,0.98,1.34,57.29,198
Van Nuys,0.67,1.02,48.00,199
Lake Forest,0.65,1.01,48.18,199
Newport Beach,0.97,1.55,71.76,201
Milpitas,0.89,0.97,35.16,202
Watsonville,1.16,1.46,57.97,203
Los Gatos,0.98,1.17,49.23,204
Santa Monica,0.96,1.25,55.97,205
Pacific Palisades,1.48,2.32,64.52,206
Walnut,1.07,1.26,54.12,207
San Jose,0.81,0.92,37.36,208
San Diego,0.65,0.96,46.95,209
Laguna Beach,1.32,1.95,68.94,210
Sonora,1.58,1.34,54.43,211
Venice,1.08,1.36,59.79,212
Rancho Santa Fe,1.21,2.07,72.94,213
Aliso Viejo,0.57,0.91,48.94,214
Rancho Mission Viejo,0.71,0.98,45.32,215
Calabasas,1.09,1.48,71.00,216
Inglewood,0.91,1.07,47.62,217
Alhambra,0.77,1.03,48.09,217
Carmel,1.43,1.58,68.42,217
Monterey Park,0.79,1.08,55.26,220
Agoura Hills,1.04,1.28,59.55,221
Beverly Hills,1.92,1.62,65.97,222
Pleasanton,0.58,0.94,53.40,223
Clearlake,1.39,1.39,63.16,224
Coto de Caza,1.02,1.35,71.43,225
Valencia,0.76,0.95,42.77,226
Helendale,0.93,1.09,50.82,227
San Ramon,0.64,0.89,47.20,228
"29 Palms",2.01,1.19,50.47,229
Marina,0.98,1.08,50.00,230
West Hollywood,1.72,1.38,66.67,230
Sherman Oaks,0.97,1.13,57.26,232
Encino,1.22,1.27,63.89,232
Rancho Mirage,0.90,1.21,83.95,234
Canyon Country,0.93,1.02,45.81,235
Coronado,1.13,1.26,67.00,236
Malibu,3.93,1.55,79.27,237
Fairfield,0.75,0.91,44.78,238
Newhall,0.98,1.0,43.01,239
Lake Arrowhead,2.53,1.4,71.76,239
Panorama City,1.05,0.94,37.93,241
Mariposa,1.17,1.22,66.67,242
Joshua Tree,1.66,1.26,63.64,243
Kelseyville,1.53,1.31,70.97,243
Crestline,1.08,1.07,49.15,245
Yucca Valley,1.27,1.21,61.71,245
Cathedral City,0.79,1.06,60.99,247
Campbell,1.36,0.87,34.00,248
El Monte,0.78,1.01,54.44,248
Dublin,0.65,0.94,57.07,250
Irvine,1.01,1.15,69.92,250
La Quinta,0.78,1.07,75.88,250
Discovery Bay,1.65,1.1,55.00,253
Indian Wells,0.65,0.96,81.44,254
North Hollywood,0.86,0.92,49.35,255
Aptos,1.08,1.06,59.55,256
Big Bear City,2.51,1.08,58.02,257
Idyllwild,1.48,1.11,73.13,258
Palm Springs,0.92,1.05,73.58,259
Laguna Woods,0.87,0.83,55.75,260
Indio,1.10,1.0,65.90,261
Marina Del Rey,1.61,1.05,77.50,261
Big Bear Lake,2.91,1.04,70.33,263
Palm Desert,0.88,0.92,74.58,264
